filename,age,bmi,cycle_length,irregular_periods,lab_lh,lab_fsh,lab_total_testosterone,lab_tsh,lab_hba1c,lab_fasting_blood_glucose,has_polycystic_ovaries,follicle_count_left,follicle_count_right,ovary_volume_left,ovary_volume_right,has_pcos
article_1659165694.pdf,25,22.0,28,1,5.0,5.5,25.0,2.0,5.3,90.0,1,6,6,6.0,6.0,0
pcos1.pdf,25,22.0,28,1,1970.0,71.0,47.0,2.0,5.3,90.0,1,6,6,6.0,6.0,1
pcos2.pdf,25,22.0,28,1,26.0,26.0,26.0,2.0,5.3,90.0,1,6,6,6.0,6.0,1
pcos3.pdf,25,22.0,28,1,9.0,28.0,8.0,2.0,5.3,90.0,1,6,6,6.0,6.0,1
pcos4.pdf,25,22.0,28,1,5.0,5.5,25.0,2.0,5.3,90.0,1,6,6,6.0,6.0,1
pcos5.pdf,19,22.0,28,1,2016.0,5.5,25.0,2.0,5.3,90.0,1,6,6,6.0,6.0,1
pcos6.pdf,13,22.0,28,1,6.0,6.0,29.0,21.0,17.0,90.0,1,6,6,6.0,6.0,1
pcos7.pdf,25,22.0,28,1,9.0,9.0,1.0,4.0,5.3,2.39,1,6,6,6.0,6.0,1
repo1.pdf,25,22.0,28,1,5.0,5.5,4.0,2.0,5.3,90.0,1,6,6,6.0,6.0,1
